{
  "protocol": "CUB-10/10 Easy-OSR",
  "protocol_note": "Custom CUB-10/10 Easy-OSR protocol. This is not an official SSB benchmark split.",
  "official_benchmark": false,
  "split_idx": 0,
  "split_seed": 0,
  "num_known": 10,
  "num_unknown": 10,
  "easy_pool_ratio": 0.3,
  "known_classes": [
    5,
    12,
    18,
    98,
    107,
    146,
    152,
    170,
    177,
    182
  ],
  "unknown_classes": [
    2,
    16,
    53,
    69,
    82,
    99,
    105,
    135,
    139,
    190
  ],
  "known_class_names": [
    "006.Least_Auklet",
    "013.Bobolink",
    "019.Gray_Catbird",
    "099.Ovenbird",
    "108.White_necked_Raven",
    "147.Least_Tern",
    "153.Philadelphia_Vireo",
    "171.Myrtle_Warbler",
    "178.Swainson_Warbler",
    "183.Northern_Waterthrush"
  ],
  "unknown_class_names": [
    "003.Sooty_Albatross",
    "017.Cardinal",
    "054.Blue_Grosbeak",
    "070.Green_Violetear",
    "083.White_breasted_Kingfisher",
    "100.Brown_Pelican",
    "106.Horned_Puffin",
    "136.Barn_Swallow",
    "140.Summer_Tanager",
    "191.Red_headed_Woodpecker"
  ],
  "unknown_max_similarity_to_known": [
    0.7464259192543077,
    0.5399219879602699,
    0.5123464770649977,
    0.44035039293486616,
    0.6404846674430469,
    0.6584014982214449,
    0.7441465181371022,
    0.7256195153739436,
    0.47366564188829446,
    0.5947411103281237
  ],
  "mean_unknown_similarity_to_known": 0.6076103728606397,
  "random_unknown_expected_mean_similarity": 0.7863111011358442,
  "random_unknown_similarity_std": 0.031094715700159255,
  "selected_unknown_percentile_among_random_sets": 0.0,
  "attribute_source": "attributes/image_attribute_labels.txt",
  "dataset_checksum": "classes=200;images=11788"
}